scenario,split,n_samples,n_features,n_informative,signal_density,within_block_corr,class_imbalance,signal_strength,method,seed,precision,recall,f1,jaccard,test_auc,n_selected,reduction_ratio,steps_skipped,mean_feature_corr,kuncheva_stability,selected_indices,time_seconds
omics_multiclass,development,200,2000,12,0.006,0.7,0.5,1.2,VarCorr_Baseline,0,0.008,0.6667,0.0158,0.008,0.9615,1000,0.5,,0.0716,-0.0066,"0,1,3,4,5,6,10,12,13,15,16,19,25,26,31,40,45,46,47,48,53,57,59,60,61,65,66,67,75,76,78,81,82,85,87,89,91,93,96,98,100,103,111,113,114,119,120,121,123,124,125,127,129,130,131,132,134,135,136,137,139,140,141,142,145,146,147,148,149,151,152,153,154,156,157,158,159,172,180,181,184,185,188,193,195,196,201,203,205,206,210,213,216,217,218,219,220,221,223,224,227,228,230,232,235,237,238,241,242,243,257,259,261,262,263,265,266,268,269,272,274,277,278,280,281,287,291,293,296,297,300,306,309,311,312,315,316,317,318,320,321,322,323,324,325,327,328,331,332,334,336,337,338,339,343,344,345,352,359,360,362,364,366,367,368,369,373,374,375,376,379,380,381,382,383,384,386,387,388,392,393,394,395,396,397,398,400,401,402,403,404,405,408,409,410,411,413,414,415,416,418,419,420,421,424,426,432,433,435,439,440,443,445,448,451,454,456,457,458,459,461,462,466,467,468,469,471,475,476,479,486,487,489,492,494,497,499,501,502,510,523,537,546,552,555,556,561,563,564,565,566,568,569,571,572,573,574,577,581,582,584,585,589,592,593,594,596,598,601,602,603,604,606,608,609,612,613,615,616,617,618,620,621,623,624,625,626,627,629,631,632,633,634,635,638,639,640,641,643,645,646,647,648,649,650,652,654,655,656,657,658,659,660,662,664,665,666,667,669,670,671,673,674,675,676,677,678,681,682,685,686,692,693,698,700,702,703,704,707,708,711,712,713,714,715,717,718,720,721,722,723,727,728,729,730,731,732,733,734,735,736,738,739,740,741,743,744,745,746,748,750,751,752,755,762,764,765,768,769,771,772,773,774,778,779,781,784,785,786,787,788,789,791,792,794,795,796,798,799,801,806,809,812,814,815,817,821,822,823,825,826,828,833,834,836,837,839,840,841,845,846,847,848,858,859,860,862,863,865,866,869,870,871,873,874,875,878,879,883,885,887,888,893,895,896,897,899,901,903,904,908,910,911,913,914,915,916,917,919,923,925,926,927,928,929,931,936,939,942,945,948,950,954,956,957,961,962,967,970,972,974,981,984,986,989,994,1000,1001,1003,1004,1007,1008,1009,1011,1013,1014,1017,1018,1020,1021,1022,1023,1024,1027,1028,1030,1031,1032,1037,1043,1044,1045,1048,1050,1053,1057,1058,1059,1061,1065,1067,1072,1081,1084,1090,1092,1093,1098,1100,1120,1121,1123,1124,1128,1131,1132,1133,1135,1136,1137,1138,1140,1143,1144,1145,1146,1148,1149,1150,1152,1154,1155,1159,1161,1162,1164,1165,1167,1168,1169,1170,1172,1173,1177,1178,1180,1182,1183,1184,1187,1188,1189,1190,1191,1193,1196,1197,1198,1202,1206,1207,1209,1213,1215,1217,1219,1220,1221,1222,1223,1224,1225,1227,1228,1229,1231,1232,1233,1234,1235,1236,1237,1246,1248,1249,1251,1253,1254,1255,1259,1260,1266,1267,1268,1269,1270,1272,1277,1279,1280,1282,1284,1285,1287,1289,1291,1292,1294,1295,1297,1298,1299,1301,1302,1304,1307,1309,1310,1311,1312,1315,1316,1317,1318,1320,1324,1325,1327,1328,1329,1330,1331,1332,1333,1335,1337,1338,1339,1341,1343,1344,1349,1350,1352,1353,1357,1359,1360,1364,1366,1369,1372,1373,1374,1375,1376,1377,1378,1379,1381,1386,1388,1396,1401,1402,1409,1410,1415,1416,1420,1421,1422,1424,1425,1426,1428,1430,1431,1433,1434,1435,1436,1438,1440,1442,1443,1444,1445,1447,1449,1454,1455,1456,1457,1458,1459,1460,1461,1462,1463,1464,1466,1467,1469,1470,1471,1472,1473,1474,1475,1477,1480,1481,1482,1485,1489,1490,1492,1493,1496,1497,1498,1503,1505,1506,1507,1508,1509,1510,1512,1513,1516,1517,1518,1519,1521,1522,1524,1525,1526,1527,1528,1531,1532,1533,1535,1536,1537,1538,1539,1552,1553,1557,1558,1559,1560,1561,1563,1565,1566,1567,1570,1571,1573,1574,1577,1578,1580,1583,1584,1586,1588,1589,1591,1592,1594,1595,1597,1598,1599,1601,1604,1609,1612,1615,1623,1624,1630,1632,1633,1635,1637,1651,1653,1658,1662,1663,1664,1665,1666,1667,1668,1670,1671,1672,1676,1677,1678,1681,1683,1685,1686,1687,1689,1692,1693,1694,1695,1696,1699,1700,1703,1704,1705,1708,1709,1710,1713,1714,1715,1719,1725,1726,1727,1728,1729,1730,1731,1732,1735,1738,1739,1741,1742,1744,1747,1748,1749,1751,1752,1753,1755,1756,1757,1758,1760,1761,1762,1764,1767,1768,1769,1770,1771,1773,1774,1776,1778,1779,1780,1781,1784,1785,1786,1788,1792,1795,1797,1799,1801,1802,1805,1807,1808,1809,1810,1814,1815,1816,1819,1821,1822,1823,1825,1827,1828,1829,1830,1832,1837,1839,1842,1844,1850,1851,1852,1853,1859,1861,1863,1869,1870,1871,1874,1876,1880,1883,1885,1887,1889,1890,1891,1892,1894,1896,1900,1901,1902,1903,1905,1907,1908,1910,1911,1916,1921,1922,1923,1924,1925,1927,1929,1930,1931,1932,1934,1936,1942,1944,1945,1947,1948,1949,1950,1954,1956,1960,1964,1966,1968,1969,1970,1975,1976,1977,1978,1980,1981,1983,1984,1986,1989,1990,1992,1994,1995,1996,1997,1998,1999",1.3
omics_multiclass,development,200,2000,12,0.006,0.7,0.5,1.2,VarCorr_Baseline,1,0.004,0.3333,0.0079,0.004,0.8023,1000,0.5,,0.0726,-0.0066,"0,3,5,9,11,13,17,19,20,21,22,24,25,27,29,31,32,35,36,37,38,39,44,45,46,48,49,55,56,57,58,62,64,66,67,68,69,70,72,74,76,78,79,80,82,83,85,87,88,91,95,96,97,99,101,103,104,105,106,107,109,110,111,112,113,114,117,118,122,123,127,129,131,134,135,138,139,141,142,143,144,146,149,150,151,152,153,154,156,157,158,159,165,169,170,171,172,174,175,177,178,180,183,184,186,193,194,195,196,198,201,205,208,209,221,224,226,227,230,237,239,240,241,242,244,246,248,249,250,251,253,254,255,256,257,258,259,265,268,274,276,277,279,281,282,288,289,292,294,296,299,306,309,313,314,317,323,324,328,330,332,335,336,340,341,342,343,344,345,347,348,349,350,351,352,353,355,356,357,358,359,360,361,363,364,365,366,367,368,370,371,372,373,374,375,376,379,387,391,397,406,408,420,422,427,429,431,432,433,434,435,437,438,440,441,443,445,449,452,453,456,459,466,472,480,481,485,487,489,490,492,493,494,496,497,499,501,502,503,507,509,510,511,514,516,518,520,523,524,525,527,528,529,530,531,532,533,534,536,537,538,539,541,543,544,545,549,550,555,559,560,561,562,563,566,567,568,569,571,573,575,576,577,580,581,582,583,584,585,586,587,589,591,592,593,594,595,596,597,598,599,601,602,603,605,607,608,611,613,614,615,617,619,621,622,623,627,628,630,632,633,634,635,636,639,640,645,648,655,658,662,663,666,667,669,670,672,674,675,676,680,684,687,689,693,694,695,697,701,703,708,711,717,718,719,721,722,723,724,725,727,728,729,730,731,733,734,737,738,739,741,744,745,746,748,750,751,754,755,757,759,760,761,763,764,765,766,767,771,773,774,775,776,777,783,784,785,786,787,788,791,793,795,796,799,801,802,805,807,808,812,813,814,816,819,820,825,826,827,830,831,834,836,838,839,840,842,846,847,851,854,855,856,857,858,863,864,865,868,871,873,874,875,877,878,879,880,881,882,884,886,890,891,892,894,898,899,907,909,918,923,924,926,927,928,930,931,933,936,938,941,950,953,954,956,960,963,965,968,969,973,975,978,983,985,990,991,992,993,994,998,1000,1004,1005,1007,1010,1012,1013,1018,1021,1022,1023,1024,1026,1027,1028,1033,1035,1036,1038,1041,1043,1044,1045,1048,1049,1050,1052,1053,1055,1056,1058,1059,1060,1063,1065,1066,1068,1072,1075,1078,1081,1082,1093,1095,1096,1098,1099,1101,1103,1104,1107,1108,1110,1112,1114,1118,1119,1121,1123,1124,1129,1131,1133,1139,1142,1146,1152,1154,1156,1160,1161,1163,1165,1166,1171,1173,1174,1177,1179,1181,1183,1185,1187,1188,1189,1190,1193,1194,1198,1199,1200,1202,1203,1205,1214,1216,1217,1219,1220,1222,1224,1226,1228,1229,1231,1232,1234,1235,1236,1237,1239,1242,1246,1248,1253,1255,1256,1259,1260,1262,1266,1269,1278,1279,1281,1282,1283,1284,1286,1287,1289,1290,1292,1295,1300,1301,1302,1304,1305,1306,1310,1311,1312,1313,1314,1315,1317,1319,1321,1322,1324,1328,1329,1331,1333,1334,1335,1340,1341,1342,1343,1344,1345,1347,1349,1352,1353,1355,1358,1359,1360,1362,1364,1366,1367,1369,1370,1372,1373,1375,1377,1378,1379,1380,1383,1385,1386,1388,1389,1391,1392,1394,1395,1396,1401,1405,1406,1407,1408,1409,1410,1411,1412,1413,1414,1415,1416,1419,1421,1423,1425,1426,1427,1431,1433,1434,1435,1436,1443,1445,1449,1451,1457,1458,1460,1462,1464,1473,1478,1481,1482,1483,1484,1485,1487,1488,1489,1490,1491,1493,1494,1495,1496,1497,1499,1501,1502,1504,1505,1506,1509,1511,1512,1513,1515,1517,1518,1529,1531,1540,1542,1544,1545,1546,1547,1548,1550,1551,1552,1553,1554,1555,1556,1558,1559,1561,1568,1582,1584,1586,1587,1590,1591,1592,1597,1598,1599,1602,1603,1604,1611,1614,1619,1621,1623,1627,1628,1629,1630,1631,1632,1633,1635,1636,1637,1638,1640,1643,1644,1646,1648,1651,1652,1655,1656,1658,1661,1667,1671,1672,1681,1682,1687,1690,1694,1696,1698,1699,1700,1701,1706,1708,1711,1712,1714,1715,1716,1718,1719,1720,1722,1724,1725,1727,1728,1730,1731,1733,1734,1735,1737,1739,1741,1742,1743,1745,1746,1747,1748,1754,1756,1759,1760,1762,1763,1764,1765,1766,1767,1768,1769,1772,1773,1774,1775,1777,1778,1779,1780,1782,1784,1787,1791,1793,1796,1798,1801,1802,1805,1806,1808,1815,1816,1820,1822,1823,1825,1827,1828,1829,1830,1831,1832,1835,1839,1841,1842,1843,1846,1848,1849,1850,1851,1852,1855,1857,1861,1863,1865,1866,1874,1876,1877,1878,1880,1882,1884,1885,1887,1888,1889,1890,1891,1892,1893,1894,1895,1897,1899,1901,1902,1903,1904,1905,1906,1909,1910,1911,1913,1914,1919,1920,1921,1922,1924,1926,1928,1929,1930,1934,1935,1938,1939,1940,1941,1942,1943,1946,1949,1950,1951,1952,1953,1954,1955,1956,1957,1958,1959,1961,1962,1963,1964,1965,1969,1970,1971,1972,1973,1974,1975,1977,1978,1979,1982,1983,1984,1985,1986,1987,1988,1990,1991,1992,1993,1994,1996,1997,1999",1.36
omics_multiclass,development,200,2000,12,0.006,0.7,0.5,1.2,VarCorr_Baseline,2,0.009,0.75,0.0178,0.009,0.9729,1000,0.5,,0.0721,-0.0066,"1,2,3,4,5,6,7,9,11,14,15,16,17,18,19,20,21,22,24,25,28,31,34,37,40,42,45,46,49,50,51,52,54,56,57,60,61,64,65,66,69,70,74,75,76,78,79,80,85,87,88,89,90,91,93,95,98,101,110,114,115,119,120,122,123,129,131,132,134,135,136,137,138,139,140,142,143,145,148,149,155,157,158,161,164,166,168,171,172,177,179,180,181,184,186,188,189,190,191,192,193,195,196,198,199,200,202,205,210,211,214,218,220,221,223,224,230,231,233,234,235,237,238,239,241,247,255,259,267,270,271,276,277,279,280,281,282,283,284,290,291,293,296,297,298,300,301,302,303,305,307,309,311,315,316,318,323,325,328,329,330,331,332,338,339,340,341,342,343,344,348,349,350,351,352,353,354,355,357,358,359,367,370,371,373,376,378,380,382,383,385,388,390,391,394,396,399,400,401,402,403,405,406,415,418,423,425,426,430,432,434,439,440,443,445,452,455,458,459,460,461,462,463,465,471,472,473,478,481,482,485,487,488,490,491,493,494,497,500,501,502,504,506,507,508,509,511,512,513,514,515,516,517,519,520,521,522,523,524,527,528,529,530,531,533,537,538,540,541,542,543,545,547,549,551,553,554,555,559,562,565,566,567,568,569,573,574,575,578,581,582,583,586,587,588,589,590,591,592,593,594,596,597,598,599,600,601,603,605,606,607,608,609,610,611,612,616,618,619,620,622,628,631,632,635,638,640,644,649,650,656,659,664,665,666,676,688,689,690,694,695,700,703,704,705,706,707,708,709,711,712,713,716,718,722,724,728,730,735,736,738,739,740,741,742,743,744,745,747,749,751,752,753,754,755,756,757,758,759,760,761,766,769,776,780,781,782,784,785,786,787,790,791,792,793,794,795,796,797,798,799,801,802,803,804,805,807,809,810,811,812,815,816,817,818,819,820,822,824,825,826,827,829,830,832,833,834,837,838,839,841,844,847,849,850,853,854,855,857,859,860,863,866,868,869,871,873,874,875,876,877,879,880,882,883,884,885,886,887,888,891,893,894,895,897,899,900,901,903,906,907,908,910,914,915,916,917,919,922,925,929,932,933,935,936,938,939,942,944,946,947,948,949,950,951,952,953,954,955,956,957,960,962,963,964,967,968,969,970,971,972,973,974,975,976,977,978,979,983,985,994,1000,1003,1004,1006,1007,1008,1010,1013,1014,1016,1017,1018,1020,1025,1032,1036,1037,1039,1041,1046,1048,1054,1055,1056,1059,1061,1064,1065,1066,1067,1070,1072,1073,1074,1075,1076,1077,1080,1088,1089,1090,1091,1092,1095,1097,1098,1101,1104,1105,1108,1109,1111,1112,1113,1115,1116,1119,1120,1121,1124,1125,1126,1128,1129,1132,1133,1135,1136,1137,1138,1139,1140,1144,1146,1148,1150,1152,1157,1158,1159,1162,1169,1183,1185,1186,1187,1188,1189,1191,1193,1194,1195,1196,1197,1198,1200,1202,1203,1204,1206,1207,1208,1209,1210,1211,1214,1215,1217,1218,1222,1225,1231,1233,1235,1238,1239,1240,1241,1242,1244,1245,1246,1248,1250,1251,1252,1253,1254,1257,1259,1260,1263,1264,1265,1266,1271,1273,1274,1275,1277,1278,1279,1280,1281,1282,1283,1284,1285,1286,1287,1289,1290,1291,1293,1295,1296,1297,1298,1302,1307,1310,1311,1312,1316,1317,1318,1320,1321,1325,1328,1335,1336,1338,1340,1341,1342,1345,1346,1347,1352,1355,1356,1359,1360,1370,1373,1375,1381,1388,1389,1392,1393,1395,1396,1397,1400,1402,1404,1405,1406,1410,1411,1414,1417,1418,1421,1425,1429,1438,1439,1442,1443,1446,1450,1452,1457,1458,1459,1461,1462,1463,1466,1467,1468,1469,1471,1473,1474,1475,1476,1478,1479,1481,1482,1483,1484,1485,1487,1488,1491,1492,1493,1494,1495,1496,1497,1498,1499,1501,1503,1506,1509,1510,1516,1517,1519,1522,1523,1526,1528,1529,1531,1534,1536,1538,1547,1555,1556,1557,1562,1564,1565,1566,1568,1569,1570,1572,1573,1575,1577,1578,1579,1580,1581,1587,1589,1591,1593,1594,1597,1598,1599,1600,1603,1608,1609,1612,1613,1614,1615,1617,1619,1620,1622,1624,1625,1628,1629,1630,1631,1632,1634,1635,1636,1637,1642,1643,1644,1645,1647,1648,1650,1652,1654,1656,1660,1661,1662,1663,1664,1666,1668,1669,1670,1671,1672,1673,1674,1676,1677,1678,1679,1681,1683,1684,1685,1689,1692,1693,1694,1697,1699,1702,1704,1707,1714,1715,1717,1724,1725,1727,1734,1736,1737,1738,1739,1743,1744,1747,1748,1753,1755,1757,1759,1760,1762,1763,1764,1765,1768,1769,1772,1773,1777,1778,1780,1782,1783,1785,1786,1789,1790,1795,1799,1801,1802,1804,1815,1816,1817,1821,1825,1836,1843,1844,1845,1846,1848,1849,1852,1853,1857,1868,1870,1875,1877,1879,1880,1881,1882,1883,1885,1886,1887,1888,1889,1890,1891,1892,1897,1899,1902,1903,1905,1906,1907,1908,1912,1914,1916,1917,1920,1922,1925,1926,1927,1928,1929,1931,1932,1934,1936,1937,1938,1940,1943,1949,1953,1958,1959,1962,1964,1968,1969,1974,1975,1976,1977,1978,1981,1983,1985,1986,1987,1988,1989,1994,1995,1999",1.16
omics_multiclass,development,200,2000,12,0.006,0.7,0.5,1.2,VarCorr_Baseline,3,0.009,0.75,0.0178,0.009,0.9504,1000,0.5,,0.0716,-0.0066,"0,4,5,7,19,20,21,22,25,26,28,30,31,32,33,35,37,38,39,40,43,50,51,55,58,60,61,62,63,64,65,66,67,73,74,75,77,89,97,98,100,103,104,108,109,111,113,116,117,121,125,126,127,128,134,140,147,150,151,153,155,158,160,161,162,165,167,168,169,172,173,175,179,180,184,186,188,190,191,193,195,196,197,199,200,206,207,208,210,211,213,214,215,217,218,221,222,224,225,226,228,229,230,235,236,240,241,245,246,249,250,251,253,254,255,258,261,263,264,269,270,272,273,275,280,284,285,286,287,288,291,293,296,309,314,315,319,320,321,322,324,327,328,329,332,334,335,336,337,339,341,346,347,349,352,361,362,363,364,366,367,368,369,370,373,376,377,378,382,383,384,385,387,390,394,396,398,399,400,402,403,404,405,406,407,408,410,411,412,413,414,415,416,417,419,420,422,424,425,428,430,432,434,435,437,438,440,441,442,443,444,446,449,451,455,456,457,460,461,464,468,470,475,480,483,487,488,489,491,497,500,501,502,503,504,506,507,508,510,511,512,513,514,517,518,522,528,533,536,539,540,541,545,546,548,551,552,555,563,564,565,567,568,569,570,571,572,574,575,581,582,585,586,588,589,596,600,603,606,609,612,614,615,616,617,621,622,626,631,632,633,635,636,640,641,642,643,645,646,648,649,650,652,658,659,661,662,674,675,686,688,692,699,701,703,705,706,707,708,709,712,713,714,720,721,723,724,725,727,728,729,730,734,737,738,742,743,744,746,748,749,750,751,754,755,756,757,758,759,762,763,764,765,767,769,770,775,777,778,779,782,783,787,790,799,800,801,802,803,804,805,806,807,809,811,812,815,816,818,820,821,822,824,825,826,827,829,830,832,833,834,836,837,838,842,844,846,851,856,858,861,862,863,865,868,870,871,872,873,875,879,880,881,882,883,884,887,888,891,894,898,899,900,901,902,903,904,905,906,907,909,910,911,912,915,916,917,918,920,921,922,923,924,926,927,929,931,935,938,939,941,942,947,948,949,951,952,953,957,958,962,964,965,966,969,971,974,975,976,977,979,980,981,982,983,984,986,987,988,989,995,997,998,999,1002,1011,1013,1014,1018,1019,1020,1021,1022,1023,1025,1028,1029,1030,1031,1032,1033,1037,1038,1039,1040,1043,1044,1045,1051,1053,1055,1059,1060,1062,1063,1066,1068,1070,1072,1073,1075,1076,1077,1083,1086,1088,1090,1091,1092,1098,1100,1102,1103,1105,1106,1107,1108,1109,1110,1111,1112,1115,1116,1117,1119,1120,1121,1122,1125,1126,1127,1128,1129,1132,1133,1134,1135,1136,1137,1139,1140,1142,1143,1145,1146,1151,1152,1155,1156,1160,1165,1166,1167,1173,1174,1177,1181,1183,1185,1186,1189,1190,1193,1196,1198,1199,1200,1201,1202,1203,1207,1208,1209,1210,1211,1214,1216,1218,1228,1237,1240,1243,1244,1247,1249,1251,1253,1254,1255,1259,1276,1279,1283,1289,1291,1295,1300,1305,1308,1311,1313,1315,1316,1317,1318,1319,1324,1335,1345,1347,1348,1349,1350,1351,1354,1355,1356,1358,1362,1364,1365,1367,1368,1370,1371,1372,1374,1378,1380,1381,1382,1383,1384,1386,1387,1388,1389,1390,1391,1392,1393,1394,1396,1397,1398,1399,1400,1401,1402,1404,1405,1406,1408,1409,1413,1414,1416,1418,1420,1421,1422,1423,1424,1426,1427,1429,1431,1433,1436,1437,1438,1439,1440,1442,1443,1445,1446,1447,1448,1450,1452,1453,1454,1455,1456,1457,1458,1461,1463,1465,1466,1469,1470,1473,1474,1475,1476,1477,1479,1480,1481,1482,1484,1486,1487,1489,1493,1494,1495,1498,1499,1502,1503,1506,1507,1508,1512,1513,1515,1520,1521,1523,1525,1528,1534,1536,1537,1538,1539,1542,1543,1544,1546,1548,1549,1551,1552,1559,1569,1580,1582,1583,1584,1585,1587,1588,1590,1592,1593,1594,1596,1597,1599,1600,1602,1603,1608,1609,1611,1612,1613,1614,1622,1625,1626,1629,1630,1631,1634,1636,1637,1638,1640,1641,1642,1643,1644,1646,1647,1648,1650,1652,1653,1656,1657,1658,1660,1661,1662,1663,1665,1666,1668,1669,1670,1671,1672,1673,1674,1675,1676,1677,1678,1679,1680,1681,1684,1685,1686,1688,1689,1691,1692,1695,1698,1699,1701,1703,1704,1705,1706,1707,1708,1709,1710,1711,1712,1713,1714,1715,1716,1717,1718,1721,1722,1726,1730,1731,1733,1737,1739,1741,1742,1746,1750,1752,1753,1755,1758,1759,1760,1762,1764,1765,1766,1767,1768,1772,1775,1776,1777,1778,1779,1780,1781,1782,1783,1787,1788,1789,1791,1792,1794,1795,1796,1799,1804,1805,1806,1807,1814,1816,1823,1824,1827,1829,1830,1835,1837,1838,1841,1843,1844,1846,1847,1848,1849,1850,1852,1853,1854,1855,1856,1857,1858,1859,1865,1869,1872,1873,1877,1878,1879,1880,1881,1885,1889,1891,1892,1896,1897,1900,1902,1903,1904,1908,1909,1911,1912,1913,1915,1916,1918,1921,1922,1923,1924,1928,1929,1930,1931,1934,1935,1936,1937,1938,1941,1948,1949,1953,1956,1957,1959,1960,1961,1962,1963,1965,1966,1967,1968,1970,1973,1975,1976,1979,1980,1981,1983,1984,1986,1987,1989,1990,1991,1994,1995,1997,1998,1999",1.11
omics_multiclass,development,200,2000,12,0.006,0.7,0.5,1.2,VarCorr_Baseline,4,0.009,0.75,0.0178,0.009,0.9528,1000,0.5,,0.0728,-0.0066,"0,1,2,3,4,7,8,9,10,11,12,15,16,17,18,19,20,22,23,25,27,30,34,35,38,40,41,44,46,47,48,49,51,52,54,56,58,60,63,68,69,70,72,73,74,75,76,77,78,83,84,85,87,88,89,90,93,96,100,104,106,109,113,120,121,122,123,124,125,126,128,130,133,134,136,137,138,139,143,144,145,146,151,153,154,155,156,159,160,162,163,169,173,176,178,180,181,183,185,186,188,189,192,193,195,196,198,199,200,201,203,205,208,210,211,214,222,224,225,226,227,228,229,231,235,236,237,240,241,242,243,245,250,253,256,257,258,259,260,263,264,266,268,270,272,273,276,277,278,280,281,286,287,292,294,295,296,298,300,301,302,303,304,307,309,310,311,312,313,316,318,324,326,328,329,332,334,335,336,337,338,339,340,341,342,345,346,352,353,356,360,361,364,369,370,371,379,381,382,384,386,387,388,389,391,392,393,394,395,396,397,398,401,406,407,409,410,412,413,415,417,418,419,421,424,425,427,428,432,438,440,442,443,444,445,446,447,448,449,450,451,452,454,455,456,457,458,459,460,461,462,463,465,466,468,469,473,476,478,479,480,481,482,483,484,485,487,488,489,490,491,492,494,495,496,497,498,499,502,503,504,505,510,511,513,515,522,523,530,532,533,535,537,538,539,541,542,545,547,548,549,550,552,553,557,560,564,565,568,572,573,576,577,578,579,580,582,583,586,589,592,593,595,596,602,607,608,615,616,617,621,624,625,627,629,631,634,635,636,637,638,639,642,646,648,652,654,660,662,663,664,666,667,669,670,671,672,674,675,677,678,679,680,682,683,684,685,690,691,693,694,695,696,697,699,701,709,710,718,722,723,725,726,731,732,733,734,736,740,741,742,744,745,749,750,751,752,755,756,757,758,759,760,762,763,765,766,768,770,772,775,776,777,779,780,781,782,784,787,788,789,791,792,793,794,795,796,798,800,805,807,811,813,819,820,821,824,826,827,833,837,839,841,843,844,845,847,848,851,852,853,856,857,858,859,860,861,863,864,865,867,868,871,874,875,876,878,881,882,883,884,885,887,888,889,891,893,894,896,898,899,905,919,920,921,923,924,925,926,927,929,931,932,933,936,937,938,939,943,946,947,949,951,954,955,958,959,960,961,962,963,965,966,967,968,973,974,975,976,977,978,979,984,986,989,991,994,997,998,999,1000,1001,1002,1003,1004,1005,1006,1009,1011,1012,1013,1014,1015,1017,1018,1019,1029,1034,1035,1046,1060,1061,1063,1064,1065,1066,1067,1069,1070,1074,1077,1078,1079,1080,1082,1083,1085,1086,1087,1088,1089,1090,1091,1093,1094,1096,1098,1101,1110,1112,1117,1118,1120,1122,1123,1124,1125,1127,1128,1131,1135,1136,1140,1144,1148,1149,1161,1164,1166,1168,1169,1170,1171,1174,1175,1177,1180,1181,1182,1184,1185,1186,1188,1189,1190,1193,1195,1197,1200,1210,1211,1220,1221,1222,1223,1224,1225,1227,1230,1231,1232,1233,1234,1235,1238,1240,1245,1247,1249,1252,1254,1258,1259,1267,1271,1274,1275,1285,1286,1287,1288,1289,1290,1291,1292,1293,1295,1297,1298,1299,1300,1301,1302,1304,1306,1307,1309,1310,1311,1314,1315,1317,1318,1321,1323,1324,1334,1336,1339,1340,1342,1344,1345,1347,1348,1349,1350,1351,1352,1353,1354,1355,1361,1363,1364,1365,1369,1370,1372,1373,1374,1375,1376,1377,1379,1382,1383,1390,1392,1394,1395,1396,1397,1399,1400,1401,1402,1405,1406,1407,1408,1409,1411,1412,1413,1414,1416,1417,1418,1419,1421,1423,1424,1425,1429,1432,1434,1435,1436,1437,1438,1439,1443,1444,1445,1447,1449,1450,1451,1454,1461,1462,1463,1464,1466,1468,1470,1473,1474,1477,1478,1479,1481,1482,1491,1496,1497,1506,1511,1515,1516,1521,1522,1523,1525,1526,1527,1528,1529,1533,1541,1543,1544,1545,1546,1547,1549,1550,1552,1553,1554,1555,1556,1559,1562,1563,1565,1566,1567,1572,1573,1574,1577,1584,1586,1589,1592,1596,1599,1600,1601,1602,1603,1604,1607,1611,1612,1613,1614,1615,1616,1617,1620,1621,1622,1623,1625,1626,1627,1628,1629,1630,1631,1633,1634,1636,1637,1638,1639,1642,1645,1653,1654,1660,1669,1672,1676,1677,1681,1685,1686,1688,1689,1692,1693,1695,1700,1703,1704,1705,1709,1714,1720,1721,1722,1723,1724,1726,1729,1730,1731,1732,1733,1734,1735,1738,1739,1741,1745,1750,1753,1755,1760,1761,1762,1770,1771,1772,1773,1774,1776,1778,1782,1783,1784,1786,1788,1791,1792,1793,1794,1795,1797,1798,1803,1804,1805,1807,1809,1811,1814,1816,1821,1824,1827,1828,1829,1833,1836,1837,1839,1841,1843,1846,1847,1851,1852,1853,1855,1858,1860,1863,1864,1866,1867,1868,1870,1871,1873,1874,1875,1877,1881,1882,1883,1884,1885,1887,1888,1889,1890,1892,1894,1895,1897,1898,1899,1900,1903,1904,1905,1906,1908,1909,1912,1913,1914,1916,1917,1921,1924,1927,1928,1929,1931,1934,1936,1942,1951,1963,1964,1966,1969,1970,1971,1972,1973,1974,1976,1977,1978,1979,1984,1985,1988,1992,1993,1995,1996,1997",1.15
omics_multiclass,development,200,2000,12,0.006,0.7,0.5,1.2,LASSO,0,0.2105,1.0,0.3478,0.2105,0.9775,57,0.9715,,0.0952,0.2657,"0,5,12,13,16,19,20,31,39,40,60,68,80,85,89,91,96,100,113,120,127,129,134,137,140,142,157,159,160,175,180,181,198,200,217,220,359,456,517,603,702,764,833,841,1233,1242,1247,1256,1444,1457,1609,1900,1902,1907,1960,1966,1995",6.87
omics_multiclass,development,200,2000,12,0.006,0.7,0.5,1.2,LASSO,1,0.2553,1.0,0.4068,0.2553,0.983,47,0.9765,,0.0945,0.2657,"0,7,10,20,21,29,40,50,56,57,60,80,88,100,120,124,126,127,140,160,175,180,193,194,195,200,220,221,227,233,237,276,419,473,615,716,865,1078,1148,1389,1390,1394,1590,1692,1696,1762,1910",6.82
omics_multiclass,development,200,2000,12,0.006,0.7,0.5,1.2,LASSO,2,0.2069,1.0,0.3429,0.2069,0.9723,58,0.971,,0.0895,0.2657,"0,4,5,17,19,20,24,28,39,40,60,64,71,76,80,85,88,89,91,100,119,120,133,137,140,142,155,159,160,177,180,192,197,200,211,214,220,233,237,239,362,367,425,463,938,1036,1152,1196,1242,1246,1247,1397,1497,1650,1669,1761,1843,1960",7.1
omics_multiclass,development,200,2000,12,0.006,0.7,0.5,1.2,LASSO,3,0.3529,1.0,0.5217,0.3529,0.9554,34,0.983,,0.0933,0.2657,"0,20,26,35,40,60,75,80,100,103,109,116,120,140,160,180,184,200,220,258,606,799,880,923,929,1083,1091,1468,1479,1503,1507,1896,1947,1967",7.77
omics_multiclass,development,200,2000,12,0.006,0.7,0.5,1.2,LASSO,4,0.2609,1.0,0.4138,0.2609,0.9783,46,0.977,,0.0916,0.2657,"0,2,12,20,25,30,37,40,60,72,74,80,90,97,99,100,106,112,114,120,140,160,163,180,185,186,189,200,220,225,298,632,760,857,871,974,1046,1124,1136,1190,1224,1378,1474,1889,1977,1979",7.29
omics_multiclass,development,200,2000,12,0.006,0.7,0.5,1.2,ElasticNet,0,0.0408,1.0,0.0784,0.0408,0.9889,294,0.853,,0.0752,0.0428,"0,5,12,13,16,19,20,21,30,31,34,39,40,45,52,54,60,68,80,82,85,87,89,91,96,100,102,104,113,120,123,127,128,129,134,135,138,140,142,145,148,150,155,159,160,163,168,170,175,180,181,182,184,186,198,199,200,206,208,210,214,215,217,220,235,253,274,277,288,292,309,318,324,325,332,343,345,356,359,387,392,394,395,396,397,403,410,411,416,445,452,456,458,460,471,498,500,501,510,513,517,540,546,553,601,603,606,610,612,613,616,629,632,641,656,657,685,700,702,720,724,729,730,733,735,736,737,739,743,744,750,764,833,839,840,841,847,853,876,879,899,909,915,942,948,985,999,1009,1022,1034,1050,1053,1081,1083,1087,1095,1100,1136,1161,1164,1169,1178,1188,1194,1198,1207,1219,1221,1225,1233,1241,1242,1244,1245,1246,1247,1255,1256,1259,1260,1267,1270,1287,1290,1294,1298,1303,1325,1327,1328,1330,1331,1335,1336,1337,1341,1358,1359,1362,1369,1373,1377,1379,1384,1405,1415,1422,1444,1447,1449,1450,1452,1454,1456,1457,1458,1459,1470,1477,1516,1520,1524,1536,1556,1557,1563,1565,1588,1602,1609,1615,1617,1662,1665,1668,1677,1678,1691,1693,1703,1710,1740,1741,1749,1750,1755,1756,1758,1768,1773,1774,1782,1792,1801,1820,1822,1824,1828,1829,1830,1837,1842,1852,1861,1874,1885,1900,1901,1902,1903,1905,1907,1910,1912,1916,1917,1929,1945,1960,1962,1966,1971,1972,1974,1976,1978,1983,1989,1990,1993,1995,1996,1997,1999",6.16
omics_multiclass,development,200,2000,12,0.006,0.7,0.5,1.2,ElasticNet,1,0.0408,1.0,0.0784,0.0408,0.9743,294,0.853,,0.0746,0.0428,"0,7,8,10,15,20,21,24,29,35,40,49,50,54,55,56,57,60,67,80,82,88,96,97,100,101,110,115,119,120,124,126,127,140,141,145,151,152,153,156,159,160,180,181,189,193,194,195,196,200,214,220,221,223,224,227,229,231,233,234,237,276,277,278,304,306,313,320,324,325,343,353,364,368,369,402,403,410,411,414,418,419,432,434,455,461,463,469,471,473,492,510,514,551,565,567,569,577,597,602,606,607,615,621,622,626,629,641,648,653,658,670,675,679,690,696,703,711,713,716,767,778,789,819,822,826,830,833,834,836,843,851,858,860,861,863,865,866,876,878,879,882,888,896,897,905,906,907,912,916,931,946,947,948,950,986,998,1002,1008,1010,1046,1050,1058,1069,1074,1078,1082,1093,1100,1102,1103,1107,1109,1118,1140,1143,1148,1152,1157,1176,1177,1183,1200,1203,1207,1216,1219,1245,1253,1260,1266,1281,1287,1296,1301,1306,1322,1324,1329,1343,1369,1371,1377,1384,1389,1390,1392,1394,1395,1398,1405,1412,1416,1440,1443,1462,1475,1477,1480,1481,1482,1490,1496,1499,1501,1502,1512,1544,1545,1552,1559,1568,1578,1579,1581,1584,1589,1590,1591,1593,1594,1597,1598,1599,1607,1615,1627,1633,1669,1675,1678,1679,1680,1690,1692,1696,1697,1700,1701,1704,1705,1715,1720,1745,1748,1753,1759,1760,1761,1762,1763,1773,1802,1806,1828,1831,1861,1869,1871,1878,1902,1905,1908,1910,1913,1915,1936,1947,1954,1964,1978,1982,1984,1998",6.38
omics_multiclass,development,200,2000,12,0.006,0.7,0.5,1.2,ElasticNet,2,0.0421,1.0,0.0808,0.0421,0.957,285,0.8575,,0.0745,0.0428,"0,4,5,16,17,19,20,21,24,39,40,41,60,61,64,67,71,76,80,81,84,85,87,88,89,91,100,110,119,120,128,140,142,143,146,155,159,160,169,170,171,174,175,177,180,182,192,193,195,196,197,200,209,211,214,220,221,223,229,231,233,234,237,239,246,247,260,261,266,310,336,362,367,371,373,377,394,406,418,420,421,425,427,430,434,439,443,460,461,463,465,473,474,505,511,512,515,517,519,527,535,542,549,552,553,554,559,562,574,601,607,627,636,639,641,644,712,742,749,768,776,790,792,797,805,809,810,829,834,838,847,860,861,862,863,866,888,902,903,906,926,930,934,936,938,939,941,948,962,994,998,1006,1009,1023,1024,1025,1028,1030,1032,1036,1045,1049,1065,1067,1073,1095,1115,1117,1139,1142,1143,1145,1146,1152,1156,1169,1182,1186,1189,1193,1194,1196,1197,1201,1202,1203,1208,1209,1218,1242,1243,1245,1246,1247,1248,1283,1285,1286,1288,1300,1305,1308,1310,1316,1319,1334,1336,1345,1361,1381,1388,1396,1397,1402,1437,1479,1481,1487,1493,1496,1497,1498,1522,1571,1601,1610,1612,1613,1615,1624,1627,1647,1650,1657,1669,1672,1673,1674,1684,1691,1693,1740,1741,1758,1760,1761,1762,1763,1765,1768,1773,1777,1782,1794,1795,1805,1806,1807,1817,1831,1842,1843,1849,1852,1854,1856,1857,1858,1860,1863,1868,1870,1883,1901,1906,1910,1916,1920,1926,1931,1960,1964,1968,1973,1985",5.02
omics_multiclass,development,200,2000,12,0.006,0.7,0.5,1.2,ElasticNet,3,0.0474,1.0,0.0906,0.0474,0.9634,253,0.8735,,0.075,0.0428,"0,1,4,5,7,8,16,20,21,23,26,28,32,35,40,60,65,80,83,100,103,109,116,119,120,122,125,140,147,150,160,180,184,187,193,195,200,201,205,206,211,220,229,241,244,247,250,254,258,272,275,281,284,288,290,291,293,296,312,322,329,335,346,367,369,376,390,393,394,400,402,404,408,417,440,445,447,453,460,462,472,508,516,541,551,612,615,656,681,685,686,692,703,711,713,719,734,741,744,758,780,781,782,783,784,787,790,792,799,800,805,840,846,854,858,866,867,880,881,883,887,888,891,892,893,923,927,929,936,937,938,941,963,964,967,987,998,1018,1020,1027,1028,1037,1045,1046,1054,1055,1081,1082,1083,1085,1088,1090,1091,1097,1098,1100,1106,1111,1120,1121,1125,1126,1130,1133,1135,1140,1145,1196,1201,1213,1240,1243,1248,1250,1253,1254,1258,1259,1274,1282,1283,1290,1327,1329,1333,1345,1346,1388,1398,1400,1409,1427,1429,1433,1435,1441,1463,1468,1471,1473,1474,1479,1499,1503,1506,1507,1508,1510,1525,1528,1537,1545,1578,1611,1622,1625,1626,1679,1687,1689,1710,1726,1732,1740,1758,1768,1769,1770,1772,1777,1784,1789,1792,1794,1795,1821,1832,1873,1885,1887,1891,1895,1896,1897,1899,1947,1949,1957,1967,1980,1984,1986,1987",4.46
omics_multiclass,development,200,2000,12,0.006,0.7,0.5,1.2,ElasticNet,4,0.044,1.0,0.0842,0.044,0.9883,273,0.8635,,0.0749,0.0428,"0,2,12,20,25,30,31,35,37,40,42,60,72,74,78,80,81,90,92,93,97,99,100,101,104,106,112,114,116,118,120,138,140,160,163,171,174,180,181,185,186,189,194,200,207,219,220,223,225,227,231,233,235,238,240,241,244,253,257,259,273,296,298,307,320,335,340,341,345,346,347,350,352,355,358,382,391,397,409,446,457,459,478,481,485,491,494,497,498,503,510,513,514,537,538,547,548,583,586,592,594,596,631,632,635,725,728,745,749,751,755,758,759,767,787,794,838,841,842,853,855,857,858,865,867,868,871,874,893,904,911,939,941,943,951,966,969,972,974,987,988,990,992,994,995,997,998,1009,1014,1015,1040,1043,1046,1047,1049,1050,1052,1053,1059,1065,1078,1100,1103,1121,1122,1124,1136,1138,1139,1173,1182,1202,1210,1222,1223,1224,1225,1226,1227,1235,1246,1249,1257,1261,1265,1291,1306,1310,1318,1321,1334,1348,1365,1374,1378,1396,1397,1414,1415,1419,1421,1425,1437,1449,1454,1466,1468,1472,1473,1474,1479,1488,1521,1529,1551,1565,1596,1603,1634,1638,1676,1721,1722,1729,1732,1733,1738,1740,1745,1755,1756,1767,1772,1775,1778,1779,1782,1808,1809,1820,1837,1841,1846,1854,1856,1868,1870,1871,1874,1883,1886,1889,1895,1904,1905,1910,1911,1916,1923,1924,1929,1937,1938,1951,1961,1962,1964,1970,1971,1977,1979,1981,1992",7.8
omics_multiclass,development,200,2000,12,0.006,0.7,0.5,1.2,RFECV,0,0.1,0.8333,0.1786,0.098,0.9705,100,0.95,,0.0772,0.1326,"0,5,8,16,19,20,21,22,24,28,32,35,39,40,46,47,50,52,60,65,68,80,89,91,95,99,100,109,117,120,135,148,160,192,200,206,216,220,227,231,232,242,260,300,341,414,434,454,484,509,514,610,644,647,658,666,669,685,692,718,755,770,846,858,872,950,976,987,1022,1023,1071,1135,1233,1241,1255,1256,1293,1307,1311,1345,1405,1418,1440,1446,1456,1459,1501,1662,1689,1740,1782,1799,1806,1847,1902,1921,1925,1926,1942,1977",35.61
omics_multiclass,development,200,2000,12,0.006,0.7,0.5,1.2,RFECV,1,0.11,0.9167,0.1964,0.1089,0.9774,100,0.95,,0.0795,0.1326,"0,1,3,6,16,20,21,22,26,28,29,40,49,50,51,54,60,80,92,97,100,105,115,120,122,125,126,128,135,137,143,160,169,179,180,185,200,217,220,223,233,240,266,306,369,372,422,424,512,577,643,664,675,683,689,716,748,799,833,849,878,881,883,890,896,903,926,978,1053,1134,1160,1174,1181,1215,1288,1328,1361,1375,1380,1387,1402,1411,1419,1434,1460,1520,1583,1587,1594,1617,1653,1686,1688,1690,1793,1832,1879,1947,1954,1955",29.48
omics_multiclass,development,200,2000,12,0.006,0.7,0.5,1.2,RFECV,2,0.11,0.9167,0.1964,0.1089,0.9683,100,0.95,,0.079,0.1326,"0,2,3,4,10,20,21,24,32,38,40,41,42,44,47,53,60,64,65,68,75,80,81,82,94,100,101,103,106,112,115,120,137,140,142,146,147,159,160,161,164,169,171,172,196,200,207,220,221,228,239,246,248,274,326,336,363,474,569,609,755,758,767,780,800,863,905,926,939,963,1036,1107,1128,1139,1149,1154,1188,1218,1232,1258,1274,1300,1305,1320,1353,1379,1418,1423,1457,1458,1487,1497,1498,1522,1613,1629,1662,1740,1753,1973",33.34
omics_multiclass,development,200,2000,12,0.006,0.7,0.5,1.2,RFECV,3,0.11,0.9167,0.1964,0.1089,0.9636,100,0.95,,0.0806,0.1326,"3,6,12,20,22,23,32,35,40,42,46,60,66,67,80,93,95,100,105,109,110,114,116,117,119,120,122,132,140,149,157,160,161,165,166,167,168,169,180,184,200,220,232,248,273,313,316,336,355,393,449,451,519,550,581,588,630,645,695,720,739,760,780,789,796,828,921,923,925,931,969,980,981,1015,1081,1085,1130,1243,1285,1292,1338,1395,1409,1417,1429,1462,1503,1538,1544,1554,1645,1698,1703,1717,1746,1759,1967,1986,1995,1999",33.75
omics_multiclass,development,200,2000,12,0.006,0.7,0.5,1.2,RFECV,4,0.12,1.0,0.2143,0.12,0.9873,100,0.95,,0.0809,0.1326,"0,1,2,12,20,23,26,29,30,35,37,40,50,60,65,80,83,97,100,109,114,116,120,122,123,125,134,140,142,146,151,154,160,180,189,200,204,215,220,222,236,254,309,319,327,339,358,408,416,439,443,459,460,466,547,587,610,622,632,718,742,777,800,849,853,854,856,859,868,874,900,993,1006,1009,1060,1121,1122,1129,1160,1173,1218,1242,1282,1285,1432,1445,1454,1455,1521,1532,1537,1554,1643,1745,1804,1869,1871,1882,1900,1912",28.58
omics_multiclass,development,200,2000,12,0.006,0.7,0.5,1.2,RF_Importance,0,0.016,1.0,0.0315,0.016,0.9893,751,0.6245,,0.0715,0.0165,"0,1,2,5,8,10,11,12,14,19,20,21,22,24,25,30,33,35,37,38,39,40,41,46,49,55,57,59,60,62,64,68,79,80,81,83,86,91,93,94,99,100,101,104,106,114,120,121,128,136,137,138,140,142,147,148,151,154,155,158,160,175,177,180,181,184,185,187,188,190,191,192,194,195,196,198,200,202,205,207,208,210,215,217,220,222,228,229,231,236,238,240,248,249,252,257,258,260,262,268,270,271,274,275,279,288,290,291,294,302,305,306,309,311,313,314,318,320,323,324,325,326,327,328,332,337,339,340,344,345,346,352,355,357,359,361,368,381,382,384,386,389,390,391,395,397,398,401,406,411,412,416,417,423,424,429,437,440,445,446,449,455,456,460,461,464,467,470,471,474,476,482,484,488,489,490,493,495,500,507,508,509,510,513,514,516,517,518,524,525,526,527,529,531,534,535,538,539,540,542,545,548,550,551,555,557,559,560,567,571,573,577,578,581,582,583,584,585,592,593,594,595,600,601,603,604,606,607,608,610,612,613,614,616,617,618,619,620,622,624,625,628,629,630,634,637,643,645,647,649,655,656,658,662,664,670,673,675,677,678,679,680,685,686,689,690,694,698,703,707,708,709,717,718,719,720,722,724,725,726,730,732,734,735,741,749,750,753,755,757,758,760,764,765,766,769,776,777,778,781,782,783,787,789,796,797,798,799,802,812,813,814,816,819,820,822,823,828,830,831,833,836,839,841,846,847,849,851,854,858,860,868,877,882,886,887,888,894,895,898,899,901,902,904,907,911,913,916,917,934,937,941,942,944,947,948,950,954,959,960,962,964,966,971,974,978,979,980,983,987,996,1000,1002,1004,1011,1014,1016,1018,1021,1022,1033,1035,1036,1038,1040,1043,1047,1048,1053,1060,1063,1064,1065,1066,1069,1071,1073,1074,1075,1080,1082,1088,1090,1091,1092,1095,1096,1099,1106,1108,1109,1111,1116,1117,1118,1120,1124,1128,1129,1130,1132,1136,1140,1141,1145,1146,1149,1152,1158,1161,1166,1170,1171,1172,1174,1176,1181,1182,1190,1191,1193,1195,1196,1197,1200,1203,1208,1211,1215,1216,1217,1219,1220,1221,1222,1224,1225,1228,1231,1232,1238,1240,1241,1242,1244,1245,1246,1248,1249,1251,1252,1254,1255,1256,1257,1258,1259,1264,1266,1267,1269,1270,1273,1278,1282,1283,1285,1286,1289,1290,1291,1294,1301,1302,1303,1309,1310,1315,1321,1323,1326,1329,1330,1332,1334,1335,1339,1340,1341,1343,1345,1346,1355,1359,1361,1362,1369,1370,1371,1373,1374,1379,1382,1385,1386,1387,1390,1397,1401,1405,1414,1415,1417,1420,1424,1426,1427,1428,1429,1434,1439,1440,1441,1442,1443,1444,1447,1449,1450,1453,1454,1455,1457,1460,1462,1467,1468,1470,1471,1475,1477,1478,1485,1488,1491,1493,1495,1496,1497,1501,1502,1508,1509,1513,1515,1517,1518,1523,1526,1527,1530,1531,1538,1541,1546,1548,1551,1552,1555,1557,1563,1567,1571,1572,1574,1577,1579,1583,1588,1589,1594,1600,1601,1604,1605,1606,1610,1612,1616,1617,1618,1621,1625,1626,1628,1632,1636,1639,1643,1649,1652,1659,1666,1671,1672,1679,1682,1684,1685,1692,1695,1703,1705,1718,1721,1728,1734,1735,1740,1741,1743,1744,1749,1751,1752,1754,1755,1756,1757,1758,1761,1763,1764,1771,1772,1774,1775,1776,1779,1780,1782,1784,1785,1788,1789,1793,1794,1796,1797,1798,1801,1814,1819,1820,1821,1822,1824,1826,1828,1829,1830,1831,1835,1836,1838,1839,1844,1848,1849,1852,1857,1870,1877,1879,1881,1882,1883,1885,1887,1891,1898,1900,1901,1903,1904,1907,1908,1909,1912,1914,1916,1917,1921,1922,1923,1924,1929,1935,1937,1944,1945,1951,1953,1956,1957,1959,1960,1962,1963,1964,1968,1969,1970,1971,1972,1974,1975,1976,1977,1978,1979,1980,1981,1982,1983,1985,1986,1989,1990,1993,1997",0.84
omics_multiclass,development,200,2000,12,0.006,0.7,0.5,1.2,RF_Importance,1,0.0169,1.0,0.0333,0.0169,0.9786,708,0.646,,0.0731,0.0165,"0,1,4,6,7,10,12,16,20,21,24,26,27,29,36,37,38,40,41,42,43,44,51,52,53,59,60,67,69,71,72,76,78,80,81,82,84,88,90,91,92,93,94,97,100,101,106,109,112,118,120,123,127,130,131,134,140,142,144,145,146,148,150,151,152,154,155,157,159,160,165,170,175,177,180,181,185,186,188,191,194,195,196,197,198,199,200,201,203,204,210,211,214,216,219,220,221,223,224,230,231,232,233,235,236,238,240,246,247,251,253,255,261,262,263,265,268,272,273,277,278,281,282,287,289,293,294,298,300,306,308,311,313,318,323,324,325,327,328,329,336,339,343,344,352,358,369,372,373,380,382,385,387,390,391,400,401,403,404,405,406,407,409,410,411,413,414,418,419,420,421,422,424,431,434,443,446,451,456,457,461,463,464,468,472,473,476,482,483,484,485,486,488,491,492,493,504,508,509,514,517,518,528,533,538,539,540,541,546,547,548,551,552,556,558,559,562,564,565,566,567,568,569,576,577,578,586,588,591,593,595,600,605,607,611,617,618,619,623,625,628,635,636,637,645,648,651,653,655,656,657,664,667,668,670,672,676,677,679,688,690,692,693,703,711,718,729,735,742,747,749,750,752,754,761,764,770,778,780,784,788,791,792,795,797,800,801,805,806,809,813,814,816,818,819,820,823,826,829,833,838,840,845,846,849,856,858,861,862,865,868,869,870,872,873,874,875,876,877,880,882,887,888,889,893,894,895,896,897,899,906,907,908,909,910,912,913,914,915,919,920,921,922,927,929,931,945,948,950,951,953,959,960,963,965,966,967,969,976,980,984,989,990,992,997,998,1000,1001,1002,1010,1011,1012,1015,1018,1021,1024,1028,1030,1038,1040,1041,1047,1049,1053,1054,1055,1057,1060,1061,1063,1065,1068,1071,1072,1074,1081,1082,1084,1086,1090,1092,1094,1097,1099,1107,1117,1118,1119,1124,1130,1136,1143,1149,1151,1152,1153,1158,1159,1160,1161,1167,1168,1172,1174,1175,1180,1181,1183,1185,1186,1190,1192,1193,1194,1199,1201,1202,1203,1204,1207,1210,1211,1215,1218,1219,1220,1225,1226,1228,1233,1237,1239,1243,1244,1246,1249,1252,1253,1254,1257,1261,1265,1270,1277,1279,1281,1282,1286,1287,1288,1290,1295,1301,1303,1306,1307,1310,1313,1314,1317,1319,1320,1321,1322,1323,1325,1326,1328,1330,1332,1336,1339,1341,1343,1346,1347,1353,1354,1355,1356,1357,1362,1363,1365,1370,1371,1372,1373,1375,1376,1377,1378,1380,1382,1384,1387,1390,1393,1394,1395,1398,1402,1406,1417,1419,1421,1422,1423,1443,1445,1448,1451,1452,1455,1459,1462,1463,1469,1472,1473,1476,1477,1478,1480,1484,1485,1486,1488,1490,1491,1497,1502,1504,1517,1521,1522,1525,1526,1536,1543,1544,1547,1552,1553,1556,1557,1559,1560,1565,1568,1576,1577,1580,1583,1587,1589,1590,1591,1592,1593,1595,1599,1600,1602,1605,1609,1615,1626,1631,1633,1634,1635,1639,1642,1645,1654,1658,1659,1660,1671,1674,1675,1676,1678,1681,1683,1684,1685,1689,1692,1693,1695,1696,1697,1698,1700,1701,1702,1703,1704,1705,1706,1710,1712,1713,1714,1715,1718,1720,1722,1723,1724,1725,1728,1732,1739,1743,1747,1751,1752,1753,1756,1757,1760,1762,1768,1771,1773,1776,1779,1780,1783,1784,1789,1794,1800,1801,1804,1805,1809,1811,1816,1819,1821,1825,1828,1836,1839,1843,1846,1848,1853,1854,1855,1861,1864,1871,1875,1888,1890,1894,1898,1902,1903,1909,1915,1918,1920,1921,1925,1926,1928,1929,1935,1936,1938,1940,1943,1954,1958,1959,1960,1963,1971,1976,1981,1988,1998",0.69
omics_multiclass,development,200,2000,12,0.006,0.7,0.5,1.2,RF_Importance,2,0.016,1.0,0.0315,0.016,0.9633,749,0.6255,,0.0723,0.0165,"0,3,5,6,8,9,10,12,14,16,20,22,23,26,28,30,35,36,37,40,43,48,50,51,59,60,61,64,67,70,74,76,78,80,84,85,86,88,89,91,92,95,96,97,98,99,100,101,103,104,107,108,110,112,113,115,119,120,128,129,130,135,136,137,140,142,144,145,147,148,149,151,158,159,160,161,163,168,169,171,173,174,177,178,179,180,184,185,188,190,193,197,200,203,204,205,212,214,220,222,224,226,228,229,235,236,238,241,245,246,249,252,255,262,264,265,267,268,273,275,276,278,282,284,286,287,288,295,296,297,299,305,310,319,323,326,342,343,344,346,352,357,360,362,366,375,377,382,388,394,395,398,399,401,405,408,410,411,413,417,421,422,424,425,428,429,431,432,437,438,446,447,450,454,456,461,462,463,464,468,469,472,474,478,482,486,490,491,492,495,496,497,499,503,505,511,515,518,519,521,522,524,529,532,533,535,537,539,540,542,543,544,546,547,548,549,550,552,556,563,564,570,572,574,575,576,579,581,583,585,587,590,596,607,613,615,619,621,622,623,624,627,629,630,632,638,639,643,646,649,650,652,654,655,657,658,662,672,673,680,682,688,690,692,696,697,700,705,708,714,717,718,720,721,725,739,740,741,750,752,756,758,759,760,761,764,768,770,776,783,785,788,789,790,791,793,795,797,808,809,814,820,821,822,823,826,829,837,838,840,841,842,844,852,853,857,859,861,863,866,868,870,873,876,889,890,895,896,897,898,899,900,907,910,911,913,917,919,926,928,929,930,931,932,933,936,938,939,941,942,943,948,949,954,955,966,969,970,973,975,981,984,985,991,995,996,997,998,999,1011,1013,1014,1021,1024,1025,1029,1030,1032,1033,1042,1044,1046,1047,1048,1050,1051,1053,1058,1064,1065,1067,1068,1078,1085,1091,1095,1096,1098,1109,1110,1113,1115,1116,1117,1119,1124,1130,1131,1132,1133,1135,1138,1139,1141,1142,1143,1145,1146,1147,1149,1151,1152,1153,1154,1155,1156,1157,1158,1160,1161,1162,1163,1164,1166,1169,1177,1183,1184,1185,1188,1190,1191,1194,1195,1201,1202,1204,1206,1208,1209,1211,1214,1219,1223,1228,1238,1239,1241,1243,1247,1248,1255,1256,1259,1260,1265,1266,1267,1268,1274,1278,1285,1287,1288,1291,1292,1298,1300,1302,1304,1305,1310,1311,1315,1316,1318,1319,1323,1330,1334,1340,1347,1350,1351,1353,1356,1358,1360,1361,1364,1367,1369,1376,1377,1378,1380,1384,1385,1387,1388,1389,1390,1392,1393,1397,1400,1402,1412,1415,1416,1418,1420,1423,1425,1428,1429,1430,1431,1433,1434,1436,1438,1441,1443,1445,1446,1454,1460,1463,1464,1465,1470,1472,1473,1476,1479,1480,1481,1483,1484,1487,1489,1493,1494,1495,1497,1500,1502,1506,1507,1508,1514,1518,1522,1523,1525,1531,1537,1538,1544,1545,1556,1558,1559,1562,1566,1569,1571,1577,1580,1582,1583,1587,1588,1592,1595,1601,1605,1607,1608,1610,1613,1615,1618,1621,1624,1625,1626,1631,1632,1633,1636,1638,1639,1641,1646,1650,1654,1657,1658,1659,1660,1662,1664,1671,1673,1684,1688,1695,1700,1702,1704,1705,1706,1707,1708,1709,1714,1715,1717,1719,1720,1726,1728,1731,1732,1736,1738,1739,1741,1745,1746,1747,1748,1749,1751,1752,1760,1761,1762,1765,1767,1768,1769,1770,1772,1775,1778,1779,1780,1783,1785,1787,1788,1789,1791,1795,1796,1800,1802,1803,1807,1808,1810,1814,1818,1819,1822,1823,1828,1830,1832,1833,1834,1835,1836,1840,1841,1843,1844,1845,1846,1849,1852,1853,1854,1856,1857,1859,1860,1861,1864,1865,1868,1869,1873,1875,1876,1879,1882,1888,1889,1890,1892,1894,1896,1897,1899,1903,1908,1909,1911,1912,1916,1920,1924,1930,1933,1939,1943,1944,1945,1946,1948,1954,1961,1962,1963,1965,1968,1972,1973,1974,1976,1977,1986,1987,1988,1995",0.83
omics_multiclass,development,200,2000,12,0.006,0.7,0.5,1.2,RF_Importance,3,0.0163,1.0,0.0321,0.0163,0.9537,736,0.632,,0.0712,0.0165,"0,1,6,9,12,14,15,16,20,21,23,24,28,32,33,38,39,40,42,44,45,46,47,48,49,51,52,53,55,60,62,63,65,68,71,76,77,79,80,82,84,88,90,92,94,100,101,102,103,104,105,106,107,109,110,111,112,113,114,116,119,120,121,125,126,130,131,137,140,144,146,149,152,158,160,162,165,166,172,180,183,184,188,190,194,200,202,204,207,208,209,212,214,215,216,217,219,220,221,222,223,227,228,230,234,237,238,240,243,247,250,251,253,256,257,258,260,261,263,264,267,271,273,274,275,278,281,284,286,287,292,293,294,295,297,306,307,310,325,327,329,334,335,337,338,340,342,356,360,361,363,364,368,371,372,374,376,378,380,383,384,385,386,390,391,396,397,399,400,404,405,407,410,413,415,416,421,423,424,427,429,431,433,434,435,440,445,453,457,458,460,463,464,466,478,480,483,491,493,495,499,504,506,509,510,511,516,517,518,519,524,526,527,530,534,535,538,539,541,545,549,550,551,552,553,555,558,560,564,565,570,574,575,578,579,580,581,585,586,589,590,594,600,603,604,610,611,614,615,616,619,620,621,624,626,627,634,636,643,646,647,649,652,654,658,663,666,671,673,674,677,678,683,686,687,688,691,693,695,696,700,708,713,717,719,721,722,727,729,730,735,736,738,740,747,752,753,756,759,761,769,771,773,774,778,779,780,782,787,789,790,792,793,796,799,804,805,807,808,814,815,818,820,822,840,844,846,849,851,854,855,857,859,862,866,867,868,874,876,877,878,879,880,884,887,888,889,892,893,895,899,903,908,909,914,917,919,920,921,924,926,928,930,931,932,933,934,935,936,939,941,942,955,957,964,965,967,971,983,985,987,995,998,1001,1002,1007,1013,1020,1021,1023,1026,1030,1032,1033,1034,1035,1036,1039,1040,1044,1047,1051,1053,1055,1057,1059,1060,1061,1064,1066,1071,1073,1074,1075,1076,1077,1080,1081,1082,1084,1085,1086,1087,1088,1089,1090,1091,1095,1097,1098,1099,1103,1105,1106,1107,1108,1110,1111,1112,1114,1118,1122,1127,1130,1133,1135,1136,1139,1140,1143,1146,1148,1150,1153,1157,1158,1160,1163,1165,1167,1169,1173,1175,1176,1178,1179,1188,1192,1199,1206,1220,1223,1224,1237,1239,1241,1243,1244,1248,1249,1252,1253,1259,1268,1270,1271,1273,1278,1279,1281,1282,1283,1285,1289,1290,1293,1299,1301,1303,1309,1315,1323,1324,1325,1327,1329,1332,1336,1338,1342,1346,1350,1351,1355,1357,1362,1363,1375,1376,1382,1383,1385,1388,1392,1394,1398,1399,1400,1403,1406,1409,1416,1417,1419,1421,1424,1429,1434,1435,1437,1441,1446,1452,1454,1456,1457,1462,1463,1468,1470,1473,1474,1475,1476,1477,1478,1479,1483,1486,1487,1488,1489,1491,1492,1496,1499,1504,1505,1507,1508,1509,1513,1514,1520,1522,1523,1525,1526,1527,1528,1533,1541,1542,1546,1549,1553,1557,1559,1564,1568,1569,1570,1574,1578,1579,1582,1583,1587,1589,1590,1591,1592,1600,1601,1603,1606,1607,1608,1612,1613,1615,1616,1617,1620,1622,1623,1625,1626,1627,1631,1632,1633,1637,1640,1646,1647,1648,1652,1660,1662,1669,1681,1687,1689,1700,1703,1705,1706,1709,1713,1714,1717,1718,1736,1738,1739,1740,1741,1743,1744,1745,1747,1750,1751,1755,1758,1761,1766,1767,1772,1774,1775,1777,1780,1781,1782,1784,1788,1789,1795,1796,1797,1799,1800,1802,1805,1809,1812,1814,1824,1825,1829,1830,1831,1832,1835,1841,1843,1848,1849,1854,1857,1863,1867,1868,1869,1880,1881,1889,1891,1894,1897,1898,1902,1905,1906,1909,1917,1920,1921,1922,1924,1928,1934,1939,1940,1942,1947,1948,1955,1959,1961,1973,1976,1978,1980,1984,1986,1987,1988,1990,1991,1992,1993,1995,1996",0.77
omics_multiclass,development,200,2000,12,0.006,0.7,0.5,1.2,RF_Importance,4,0.016,1.0,0.0316,0.016,0.9771,748,0.626,,0.0717,0.0165,"0,2,7,9,10,12,15,16,20,23,25,26,27,31,33,37,39,40,41,44,47,48,53,54,55,57,60,64,68,69,70,71,75,77,80,88,92,93,94,97,99,100,104,105,107,108,112,113,119,120,121,124,128,131,133,135,138,139,140,142,143,145,148,150,151,152,156,157,160,163,164,165,166,169,170,171,172,180,181,185,186,192,194,195,196,198,200,201,205,206,207,208,209,216,219,220,223,231,232,235,237,241,242,243,244,245,246,250,256,260,261,262,263,265,266,273,274,278,279,281,283,288,289,295,296,297,298,299,302,304,306,307,308,313,315,320,322,325,326,329,330,332,333,334,335,336,338,340,343,346,347,354,359,366,370,371,375,376,380,381,383,385,387,389,396,401,402,406,408,415,419,421,426,428,429,430,434,436,441,444,445,448,449,450,452,457,461,462,463,465,466,469,470,473,475,477,481,484,485,490,493,494,498,499,500,501,504,506,514,516,518,526,527,530,532,533,538,539,542,549,553,554,555,556,558,560,563,565,568,575,577,579,580,582,585,588,593,594,597,603,604,610,614,618,619,620,621,622,624,628,629,632,634,635,644,645,649,654,657,658,659,660,663,667,670,677,684,687,688,689,690,694,703,705,707,709,711,715,716,719,720,723,725,726,728,731,732,736,737,738,739,740,742,745,748,749,750,751,752,760,761,763,766,773,777,780,782,783,794,799,801,803,812,814,815,818,820,821,825,834,837,838,839,841,842,843,846,847,850,852,854,863,864,865,867,868,871,872,873,874,878,880,882,883,888,890,891,893,896,905,906,907,909,911,914,921,928,931,935,936,937,938,939,940,941,943,944,947,949,950,951,952,960,961,968,972,973,976,978,979,986,987,988,989,990,991,994,995,996,998,999,1000,1001,1002,1004,1007,1011,1015,1016,1028,1032,1034,1036,1041,1047,1053,1054,1055,1056,1057,1058,1061,1062,1065,1066,1070,1082,1091,1097,1099,1109,1112,1115,1116,1118,1119,1120,1121,1122,1124,1127,1130,1131,1136,1137,1139,1145,1148,1153,1154,1155,1157,1161,1163,1164,1171,1172,1174,1175,1176,1183,1188,1189,1195,1198,1200,1201,1204,1206,1207,1208,1209,1210,1211,1212,1214,1217,1218,1222,1226,1227,1228,1231,1232,1233,1238,1239,1240,1241,1242,1250,1253,1254,1257,1266,1270,1277,1284,1286,1287,1289,1290,1297,1298,1300,1301,1303,1304,1307,1314,1315,1319,1322,1324,1326,1327,1330,1332,1333,1336,1339,1342,1343,1348,1350,1351,1353,1355,1360,1361,1363,1365,1368,1371,1372,1374,1375,1376,1378,1386,1387,1389,1390,1395,1396,1399,1401,1403,1408,1411,1414,1417,1418,1420,1421,1423,1425,1426,1427,1428,1436,1437,1439,1440,1441,1442,1443,1444,1448,1451,1452,1455,1459,1460,1461,1465,1466,1468,1471,1472,1473,1475,1476,1477,1483,1484,1486,1488,1489,1492,1493,1496,1505,1510,1511,1521,1527,1536,1551,1552,1554,1555,1560,1563,1566,1570,1572,1576,1580,1581,1586,1587,1588,1589,1593,1596,1598,1602,1614,1617,1618,1632,1639,1645,1649,1650,1653,1655,1659,1661,1662,1664,1672,1677,1679,1684,1687,1688,1689,1692,1701,1703,1704,1708,1711,1717,1721,1722,1723,1725,1730,1731,1732,1740,1743,1745,1749,1750,1751,1752,1757,1760,1763,1766,1767,1774,1775,1776,1778,1779,1780,1782,1783,1786,1790,1791,1792,1793,1794,1796,1805,1808,1817,1823,1825,1828,1833,1834,1836,1838,1839,1841,1843,1846,1847,1849,1854,1855,1857,1858,1859,1861,1862,1867,1868,1870,1872,1873,1874,1875,1879,1881,1884,1885,1887,1889,1890,1891,1892,1893,1898,1899,1901,1903,1905,1906,1907,1911,1913,1915,1916,1919,1920,1922,1926,1929,1933,1934,1941,1942,1947,1948,1950,1951,1960,1963,1966,1967,1969,1970,1971,1972,1973,1980,1981,1983,1989,1999",0.77
omics_multiclass,development,200,2000,12,0.006,0.7,0.5,1.2,PermImportance,0,1.0,0.0833,0.1538,0.0833,0.6556,1,0.9995,,0.0,0.1458,20,11.91
omics_multiclass,development,200,2000,12,0.006,0.7,0.5,1.2,PermImportance,1,1.0,0.25,0.4,0.25,0.7758,3,0.9985,,0.0914,0.1458,"120,160,220",12.3
omics_multiclass,development,200,2000,12,0.006,0.7,0.5,1.2,PermImportance,2,1.0,0.1667,0.2857,0.1667,0.7413,2,0.999,,0.1169,0.1458,"120,160",11.66
omics_multiclass,development,200,2000,12,0.006,0.7,0.5,1.2,PermImportance,3,1.0,0.1667,0.2857,0.1667,0.7442,2,0.999,,0.2267,0.1458,"40,80",11.98
omics_multiclass,development,200,2000,12,0.006,0.7,0.5,1.2,PermImportance,4,1.0,0.1667,0.2857,0.1667,0.7235,2,0.999,,0.1034,0.1458,"20,200",11.88
omics_multiclass,development,200,2000,12,0.006,0.7,0.5,1.2,SHAP,0,0.0496,1.0,0.0945,0.0496,0.9878,242,0.879,,0.0771,0.1025,"0,4,5,8,9,10,13,16,19,20,21,22,23,24,25,28,29,30,32,35,39,40,46,47,48,49,50,52,54,57,58,60,62,65,68,69,80,83,89,90,91,95,97,98,99,100,103,105,106,107,108,109,113,117,120,127,133,135,136,137,138,139,140,148,153,158,159,160,163,168,175,180,181,192,193,194,200,201,202,203,204,206,214,216,217,218,220,224,227,231,232,234,235,242,252,260,263,300,309,341,346,359,369,371,372,404,414,434,454,473,481,484,507,509,510,511,514,517,585,605,610,644,647,651,658,666,669,685,692,702,709,718,724,726,755,761,770,781,811,834,846,851,858,872,883,909,915,919,923,950,976,982,987,1022,1023,1025,1032,1043,1071,1084,1097,1105,1132,1135,1219,1225,1233,1239,1241,1244,1246,1247,1255,1256,1259,1267,1293,1307,1311,1341,1345,1358,1397,1405,1418,1437,1440,1446,1447,1456,1457,1459,1468,1476,1477,1501,1550,1573,1588,1621,1645,1651,1662,1664,1668,1689,1708,1715,1737,1739,1740,1762,1766,1782,1793,1799,1806,1819,1823,1824,1837,1847,1851,1887,1895,1900,1902,1904,1907,1914,1921,1925,1926,1928,1929,1938,1942,1971,1974,1977,1983,1994",2.26
omics_multiclass,development,200,2000,12,0.006,0.7,0.5,1.2,SHAP,1,0.0682,1.0,0.1277,0.0682,0.9786,176,0.912,,0.0768,0.1025,"0,1,3,6,16,20,21,22,24,26,28,29,34,37,40,49,50,51,54,57,59,60,75,80,89,92,97,100,102,105,111,114,115,119,120,122,125,126,128,134,135,137,140,143,160,169,171,179,180,185,186,194,195,200,204,217,220,221,223,233,234,237,239,240,266,300,306,369,372,414,419,422,424,473,483,512,539,562,572,577,589,621,636,643,649,654,657,658,664,670,675,683,689,703,716,748,765,799,833,849,860,861,865,869,872,878,881,883,890,896,903,926,939,978,1000,1049,1053,1056,1111,1134,1137,1160,1174,1181,1209,1211,1215,1266,1288,1291,1298,1299,1328,1361,1375,1380,1387,1390,1395,1402,1411,1419,1424,1434,1452,1460,1520,1565,1579,1583,1587,1594,1606,1617,1653,1659,1680,1686,1688,1690,1697,1744,1748,1762,1773,1793,1832,1841,1856,1879,1906,1947,1954,1955,1962,1971",2.15
omics_multiclass,development,200,2000,12,0.006,0.7,0.5,1.2,SHAP,2,0.0628,1.0,0.1182,0.0628,0.9649,191,0.9045,,0.0767,0.1025,"0,2,3,4,10,13,19,20,21,22,24,29,31,32,38,39,40,41,42,44,47,49,53,54,58,60,64,65,67,68,70,71,75,76,80,81,82,83,85,87,88,94,100,101,103,106,110,112,115,119,120,133,137,140,142,144,146,147,155,159,160,161,164,167,169,171,172,176,178,180,182,183,196,200,201,206,207,214,216,220,221,228,237,239,246,248,265,274,312,326,336,337,363,410,429,474,527,549,569,584,609,620,664,734,738,753,755,757,758,767,780,800,810,850,855,862,863,869,905,926,939,956,963,983,998,1010,1036,1107,1128,1129,1139,1143,1146,1149,1154,1188,1196,1218,1232,1247,1252,1258,1274,1281,1300,1305,1314,1318,1320,1322,1353,1379,1395,1418,1423,1452,1457,1458,1481,1487,1497,1498,1522,1577,1613,1615,1629,1662,1669,1673,1695,1730,1732,1740,1751,1753,1777,1782,1806,1813,1817,1836,1859,1861,1864,1870,1873,1969,1973,1994,1995",2.34
omics_multiclass,development,200,2000,12,0.006,0.7,0.5,1.2,SHAP,3,0.0727,1.0,0.1356,0.0727,0.9711,165,0.9175,,0.0772,0.1025,"0,3,5,6,12,17,20,22,23,28,31,32,33,35,40,42,46,48,57,58,60,66,67,77,80,84,93,95,96,100,105,109,110,114,116,117,118,119,120,122,125,132,140,144,149,157,160,161,162,165,166,167,168,169,180,184,185,186,195,196,200,202,220,232,233,248,271,272,273,296,299,313,316,336,342,355,358,393,449,451,465,471,480,519,550,581,588,596,630,645,673,678,695,720,739,740,760,775,778,780,789,796,817,828,867,875,890,920,921,923,925,929,931,938,963,969,980,981,1015,1081,1083,1085,1108,1130,1163,1236,1243,1268,1282,1285,1292,1321,1338,1395,1409,1417,1429,1462,1463,1500,1503,1507,1525,1538,1544,1554,1607,1640,1645,1698,1703,1717,1746,1759,1778,1780,1805,1821,1834,1902,1928,1967,1986,1995,1999",1.96
omics_multiclass,development,200,2000,12,0.006,0.7,0.5,1.2,SHAP,4,0.0663,1.0,0.1244,0.0663,0.9873,181,0.9095,,0.0786,0.1025,"0,1,2,6,10,12,20,22,23,26,29,30,35,37,40,47,50,60,65,67,70,71,80,83,84,97,100,109,114,116,118,120,122,123,125,134,140,142,144,146,151,154,160,161,171,180,181,185,189,190,192,193,195,196,200,204,215,220,222,223,225,236,241,244,254,291,309,310,311,312,319,327,339,358,395,398,408,416,435,439,443,459,460,466,472,513,516,547,551,552,584,585,587,588,595,610,622,632,688,709,718,719,742,758,760,764,777,800,841,849,853,854,856,857,859,863,868,874,900,993,997,998,1006,1009,1012,1060,1092,1121,1122,1127,1129,1149,1160,1173,1182,1183,1186,1189,1209,1218,1220,1226,1242,1259,1282,1285,1378,1390,1432,1444,1445,1454,1455,1508,1521,1523,1532,1537,1554,1555,1589,1643,1664,1676,1729,1745,1804,1817,1822,1846,1849,1869,1871,1882,1897,1900,1912,1931,1933,1943,1979",2.16
omics_multiclass,development,200,2000,12,0.006,0.7,0.5,1.2,SO_S1->2,0,0.6471,0.9167,0.7586,0.6111,0.9754,17,0.9915,,0.1066,0.5129,"0,20,40,60,80,100,120,160,180,200,217,220,445,1088,1362,1379,1459",128.1
omics_multiclass,development,200,2000,12,0.006,0.7,0.5,1.2,SelectOmics,0,0.6471,0.9167,0.7586,0.6111,0.9754,17,0.9915,step3,0.1066,0.6904,"0,20,40,60,80,100,120,160,180,200,217,220,445,1088,1362,1379,1459",125.65
omics_multiclass,development,200,2000,12,0.006,0.7,0.5,1.2,SO_S1->2,1,0.1714,1.0,0.2927,0.1714,0.9819,70,0.965,,0.0782,0.5129,"0,20,21,40,60,80,100,120,140,150,151,160,180,200,207,210,220,224,229,231,234,237,278,313,316,325,345,402,404,410,418,473,515,520,621,629,644,649,702,717,762,767,785,819,827,830,865,886,905,929,1010,1140,1176,1226,1266,1296,1347,1395,1456,1465,1483,1494,1592,1696,1722,1744,1780,1909,1947,1977",123.17
omics_multiclass,development,200,2000,12,0.006,0.7,0.5,1.2,SelectOmics,1,1.0,0.75,0.8571,0.75,0.9721,9,0.9955,,0.1531,0.6904,"0,20,60,80,100,120,160,200,220",238.12
omics_multiclass,development,200,2000,12,0.006,0.7,0.5,1.2,SO_S1->2,2,0.8,1.0,0.8889,0.8,0.9628,15,0.9925,,0.1203,0.5129,"0,20,40,60,80,100,120,140,157,160,180,200,220,855,1426",105.82
omics_multiclass,development,200,2000,12,0.006,0.7,0.5,1.2,SelectOmics,2,0.8,1.0,0.8889,0.8,0.9628,15,0.9925,step3,0.1203,0.6904,"0,20,40,60,80,100,120,140,157,160,180,200,220,855,1426",107.48
omics_multiclass,development,200,2000,12,0.006,0.7,0.5,1.2,SO_S1->2,3,0.7059,1.0,0.8276,0.7059,0.9625,17,0.9915,,0.1239,0.5129,"0,8,20,40,60,80,100,119,120,140,160,180,200,220,1507,1820,1821",111.34
omics_multiclass,development,200,2000,12,0.006,0.7,0.5,1.2,SelectOmics,3,0.7059,1.0,0.8276,0.7059,0.9625,17,0.9915,step3,0.1239,0.6904,"0,8,20,40,60,80,100,119,120,140,160,180,200,220,1507,1820,1821",110.77
omics_multiclass,development,200,2000,12,0.006,0.7,0.5,1.2,SO_S1->2,4,0.6667,1.0,0.8,0.6667,0.9879,18,0.991,,0.1215,0.5129,"0,20,31,33,40,60,80,90,100,120,140,160,180,200,220,413,1402,1454",121.71
omics_multiclass,development,200,2000,12,0.006,0.7,0.5,1.2,SelectOmics,4,0.6667,1.0,0.8,0.6667,0.9879,18,0.991,step3,0.1215,0.6904,"0,20,31,33,40,60,80,90,100,120,140,160,180,200,220,413,1402,1454",125.86
